Model,MSE,R2_Score
Random Forest,403.0026703738898,0.9232921369967945
Gradient Boosting,413.3876076919839,0.9213154594021915
Decision Tree,766.5215342596391,0.8540996545148333
Linear Regression,843.5338348722584,0.8394410692516792
Support Vector Regressor,2706.2848601662035,0.484883491941427
